,Gene symbol,Gene name (RefSeq),Histone modification,Gene symbol synonyms,Entrez,KEGG,EC Numbers,Gene RefSeq,Protein RefSeq,HGNC,Ensembl,UniProt,PDB,PMID,GO Annotation,neXtProt,PMID.1,PMID.2,AllSymbols,GPR
0,KDM5D,Lysine-specific demethylase 5D,Demethylate tri- and di-methylated H3K4,HY; HYA; JARID1D; KIAA0234; SMCY,8284.0,8284.0,,,,11115.0,ENSG00000012817,Q9BY66,['2E6R'; '2YQE'],,,,,,KDM5D; HY; HYA; JARID1D; KIAA0234; SMCY,(KDM5D) or (HY) or (HYA) or (JARID1D) or (KIAA0234) or (SMCY)
1,KDM5A,Lysine-specific demethylase 5A,Demethylate tri- and di-methylated H3K4,JARID1A; RBBP2; RBP2,5927.0,5927.0,,NM_001042603.3,NP_001036068.1,9886.0,ENSG00000073614,P29375,['2JXJ'; '2KGG'; '2KGI'; '3GL6'; '5C11'; '5CEH'; '5E6H'; '5ISL'; '5IVB'; '5IVC'; '5IVE'; '5IVF'; '5IVJ'; '5IVV'; '5IVY'; '5IW0'; '5IWF'; '5K4L'; '5V9P'; '5V9T'; '6BGU'; '6BGV'; '6BGW'; '6BGX'; '6BGY'; '6BGZ'; '6BH0'; '6BH1'; '6BH2'; '6BH3'; '6BH4'; '6BH5'; '6DQ4'; '6DQ5'; '6DQ6'; '6DQ7'; '6DQ8'; '6DQ9'; '6DQA'; '6DQB'; '6DQC'; '6DQD'; '6DQE'; '6DQF'],,,,,,KDM5A; JARID1A; RBBP2; RBP2,(KDM5A) or (JARID1A) or (RBBP2) or (RBP2)
2,KDM5B,Lysine-specific demethylase 5B,Demethylates tri-; di-; and mono-methylated H3K4,CT31; JARID1B; PLU-1; PLU1; PPP1R98; RBBP2H1; RBBP2H1A,10765.0,10765.0,,,,18039.0,ENSG00000117139,Q9UGL1,['2MA5'; '2MNY'; '2MNZ'; '5A1F'; '5A3N'; '5A3P'; '5A3T'; '5A3W'; '5FPL'; '5FPU'; '5FUN'; '5FUP'; '5FV3'; '5FY4'; '5FY5'; '5FY9'; '5FYB'; '5FYS'; '5FYT'; '5FYU'; '5FYV'; '5FYY'; '5FYZ'; '5FZ0'; '5FZ1'; '5FZ3'; '5FZ4'; '5FZ6'; '5FZ7'; '5FZ8'; '5FZ9'; '5FZA'; '5FZB'; '5FZC'; '5FZD'; '5FZE'; '5FZF'; '5FZG'; '5FZH'; '5FZI'; '5FZK'; '5FZL'; '5FZM'; '5LW9'; '5LWB'; '6EIN'; '6EIU'; '6EIY'; '6EJ0'; '6EJ1'; '6EK6'; '6H4Z'; '6H50'; '6H51'; '6H52'],,,,,,KDM5B; CT31; JARID1B; PLU-1; PLU1; PPP1R98; RBBP2H1; RBBP2H1A,(KDM5B) or (CT31) or (JARID1B) or (PLU-1) or (PLU1) or (PPP1R98) or (RBBP2H1) or (RBBP2H1A)
3,KDM5C,Lysine-specific demethylase 5C,Demethylate tri- and di-methylated H3K4,DXS1272E; JARID1C; MRX13; SMCX; XE169,8242.0,8242.0,,,,11114.0,ENSG00000126012,P41229,['2JRZ'; '5FWJ'],,,,,,KDM5C; DXS1272E; JARID1C; MRX13; SMCX; XE169,(KDM5C) or (DXS1272E) or (JARID1C) or (MRX13) or (SMCX) or (XE169)
4,KDM2B,Lysine-specific demethylase 2B,Demethylate tri-methylated H3K4 and di-methylated H3K36,CXXC2; Fbl10; FBL10; FBXL10; JHDM1B; NDY1; PCCX2,84678.0,84678.0,1.14.11.27,,,13610.0,ENSG00000089094,Q8NHM5,['4O64'; '5JH5'; '6BVA'],,,,,,KDM2B; CXXC2; Fbl10; FBL10; FBXL10; JHDM1B; NDY1; PCCX2,(KDM2B) or (CXXC2) or (Fbl10) or (FBL10) or (FBXL10) or (JHDM1B) or (NDY1) or (PCCX2)
5,KDM2A,Lysine-specific demethylase 2A,Demethylate di-methylated H3K36,CXXC8; DKFZP434M1735; FBL11; FBL7; FBXL11; FLJ00115; JHDM1A; KIAA1004; LILINA,22992.0,22992.0,1.14.11.27,,,13606.0,ENSG00000173120,Q9Y2K7,['2YU1'; '2YU2'; '4BBQ'; '6BYH'; '6C16'],,,,,,KDM2A; CXXC8; DKFZP434M1735; FBL11; FBL7; FBXL11; FLJ00115; JHDM1A; KIAA1004; LILINA,(KDM2A) or (CXXC8) or (DKFZP434M1735) or (FBL11) or (FBL7) or (FBXL11) or (FLJ00115) or (JHDM1A) or (KIAA1004) or (LILINA)
6,KDM3A,Lysine-specific demethylase 3A,Demethylated mono- and di-methylated H3K9 using JmjC oxidation,JHDM2A; JHMD2A; JMJD1; JMJD1A; KIAA0742; TSGA,55818.0,55818.0,,,,20815.0,ENSG00000115548,Q9Y4C1,,,,,,,KDM3A; JHDM2A; JHMD2A; JMJD1; JMJD1A; KIAA0742; TSGA,(KDM3A) or (JHDM2A) or (JHMD2A) or (JMJD1) or (JMJD1A) or (KIAA0742) or (TSGA)
7,KDM3B,Lysine-specific demethylase 3B,Demethylated H3K9 using JmjC oxidation,C5orf7; JHDM2B; JMJD1B; KIAA1082; NET22,51780.0,51780.0,,,,1337.0,ENSG00000120733,Q7LBC6,4C8D,,,,,,KDM3B; C5orf7; JHDM2B; JMJD1B; KIAA1082; NET22,(KDM3B) or (C5orf7) or (JHDM2B) or (JMJD1B) or (KIAA1082) or (NET22)
8,KDM4A,Lysine-specific demethylase 4A,Demethylated H3K9 and H3K36 tri-methylation using JmjC oxidation,JHDM3A; JMJD2; JMJD2A; KIAA0677; TDRD14A,9682.0,9682.0,1.14.11.-,,,22978.0,ENSG00000066135,O75164,['2GF7'; '2GFA'; '2GP3'; '2GP5'; '2OQ6'; '2OQ7'; '2OS2'; '2OT7'; '2OX0'; '2P5B'; '2PXJ'; '2Q8C'; '2Q8D'; '2Q8E'; '2QQR'; '2QQS'; '2VD7'; '2WWJ'; '2YBK'; '2YBP'; '2YBS'; '3NJY'; '3PDQ'; '3RVH'; '3U4S'; '4AI9'; '4BIS'; '4GD4'; '4URA'; '4V2V'; '4V2W'; '5A7N'; '5A7O'; '5A7P'; '5A7Q'; '5A7S'; '5A7W'; '5A80'; '5ANQ'; '5D6W'; '5D6X'; '5D6Y'; '5F2S'; '5F2W'; '5F32'; '5F37'; '5F39'; '5F3C'; '5F3E'; '5F3G'; '5F3I'; '5F5I'; '5FPV'; '5FWE'; '5FY8'; '5FYC'; '5FYH'; '5FYI'; '5LY1'; '5LY2'; '5TVR'; '5TVS'; '5VAR'; '5VGI'; '5VMP'; '6CG1'; '6CG2'; '6G5W'; '6G5X'; '6H4O'; '6H4P'; '6H4Q'; '6H4R'; '6H4S'; '6H4T'; '6H4U'; '6H4V'; '6H4W'; '6H4X'; '6H4Y'; '6H8P'; '6HGT'],,,,,,KDM4A; JHDM3A; JMJD2; JMJD2A; KIAA0677; TDRD14A,(KDM4A) or (JHDM3A) or (JMJD2) or (JMJD2A) or (KIAA0677) or (TDRD14A)
9,KDM4C,Lysine-specific demethylase 4C,Demethylated H3K9 and H3K36 tri-methylation using JmjC oxidation,GASC1; JHDM3C; JMJD2C; KIAA0780; TDRD14C,23081.0,23081.0,1.14.11.-,,,17071.0,ENSG00000107077,Q9H3R0,['2XDP'; '2XML'; '4XDO'; '4XDP'; '5FJH'; '5FJK'; '5KR7'],,,,,,KDM4C; GASC1; JHDM3C; JMJD2C; KIAA0780; TDRD14C,(KDM4C) or (GASC1) or (JHDM3C) or (JMJD2C) or (KIAA0780) or (TDRD14C)
10,KDM4B,Lysine-specific demethylase 4B,Demethylate trimethylated H3K9 using JmjC oxidation,JHDM3B; JMJD2B; KIAA0876; TDRD14B,23030.0,23030.0,,,,29136.0,ENSG00000127663,O94953,['4LXL'; '4UC4'],16603238.0,0032454; 0051864,NX_O94953,,,KDM4B; JHDM3B; JMJD2B; KIAA0876; TDRD14B,(KDM4B) or (JHDM3B) or (JMJD2B) or (KIAA0876) or (TDRD14B)
11,KDM4D,Lysine-specific demethylase 4D,Demethylate di- and tri-methylated H3K9,FLJ10251; JHDM3D; JMJD2D,55693.0,55693.0,,NM_018039.3,NP_060509.2,25498.0,ENSG00000186280,Q6B0I6,['3DXT'; '3DXU'; '4D6Q'; '4D6R'; '4D6S'; '4HON'; '4HOO'; '5F5A'; '5F5C'; '5FP4'; '5FP7'; '5FP8'; '5FP9'; '5FPA'; '5FPB'; '5PH0'; '5PH1'; '5PH2'; '5PH3'; '5PH4'; '5PH5'; '5PH6'; '5PH7'; '5PH8'; '5PH9'; '5PHA'; '5PHB'; '5PHC'; '5PHD'; '5PHE'; '5PHF'; '5PHG'; '5PHH'; '5PHI'; '5PHJ'; '5PHK'; '5PHL'; '5PHM'; '5PHN'; '5PHO'; '5PHP'; '5PHQ'; '5PHR'; '5PHS'; '5PHT'; '5PHU'; '5PHV'; '5PHW'; '5PHX'; '5PHY'; '5PHZ'; '5PI0'; '5PI1'; '5PI2'; '5PI3'; '5PI4'; '5PI5'; '5PI6'; '5PI7'; '5PI8'; '5PI9'; '5PIA'; '5PIB'; '5PIC'; '5PID'; '5PIE'; '5PIF'; '5PIG'; '5PIH'; '5PII'; '5PIJ'; '5PIK'; '5PIL'; '5PIM'; '5PIN'; '5PIO'; '5PIP'; '5PIQ'; '5PIR'; '5PIS'; '5PIT'; '5PIU'; '5PIV'; '5PIW'; '5PIX'; '5PIY'; '5PIZ'; '5PJ0'; '5PJ1'; '5PJ2'; '5PJ3'; '5PJ4'; '5PJ5'; '5PJ6'; '5PJ7'; '5PJ8'; '5PJ9'; '5PJA'; '5PJB'; '5PJC'; '5PJD'; '5PJE'; '5PJF'; '5PJG'; '5PJH'; '5PJI'; '5PJJ'; '5PJK'; '5PJL'; '5PJM'; '5PJN'; '5PJO'; '5PJP'; '5PJQ'; '5PJR'; '5PJS'; '5PJT'; '5PJU'; '5PJV'; '5PJW'; '5PJX'; '5PJY'; '5PJZ'; '5PK0'; '5PK1'; '5PK2'; '5PK3'; '5PK4'; '5PK5'; '5PK6'; '5PK7'; '5PK8'; '5PK9'; '5PKA'; '5PKB'; '5PKC'; '5PKD'; '5PKE'; '5PKF'; '5PKG'; '5PKH'; '5PKI'; '5PKJ'; '5PKK'; '5PKL'; '5PKM'; '5PKN'; '5PKO'; '5PKP'; '5PKQ'; '5PKR'; '5PKS'; '5PKT'; '5PKU'; '5PKV'; '5PKW'; '5PKX'; '5PKY'; '5PKZ'; '5PL0'; '5PL1'; '5PL2'; '5PL3'; '5PL4'; '5PL5'; '5PL6'; '5PL7'; '5PL8'; '5PL9'; '5PLA'; '5PLB'; '5PLC'; '5PLD'; '5PLE'; '5PLF'; '5PLG'; '5PLH'; '5PLI'; '5PLJ'; '5PLK'; '5PLL'; '5PLM'; '5PLN'; '5PLO'; '5PLP'; '5PLQ'; '5PLR'; '5PLS'; '5PLT'; '5PLU'; '5PLV'; '5PLW'; '5PLX'; '5PLY'; '5PLZ'; '5PM0'; '5PM1'; '5PM2'; '5PM3'; '5PM4'; '5PM5'; '5PM6'; '5PM7'; '5PM8'; '5PM9'; '5PMA'; '5PMB'; '5PMC'; '5PMD'; '5PME'; '5PMF'; '5PMG'; '5PMH'; '5PMI'; '5PMJ'; '5PMK'; '5PML'; '5PMM'; '5PMN'; '5PMO'; '5PMP'; '5PMQ'; '5PMR'; '5PMS'; '5PMT'; '5PMU'; '5PMV'; '5PMW'; '5PMX'; '5PMY'; '5PMZ'; '5PN0'; '5PN1'; '5PN2'; '5PN3'; '5PN4'; '5PN5'; '5PN6'; '5PN7'; '5PN8'; '5PN9'; '5PNA'; '5PNB'; '5PNC'; '5PND'; '5PNE'; '5PNF'; '5PNG'; '5PNH'; '5PNI'; '5PNJ'; '5PNK'; '5PNL'; '5PNM'; '5PNN'; '5PNO'; '5PNP'; '5PNQ'; '5PNR'; '5PNS'; '5PNU'; '5PNV'; '5PNW'; '6ETE'; '6ETG'; '6ETS'; '6ETT'; '6ETU'; '6ETV'; '6ETW'; '6F5Q'; '6F5R'; '6F5S'; '6F5T'],,,,,,KDM4D; FLJ10251; JHDM3D; JMJD2D,(KDM4D) or (FLJ10251) or (JHDM3D) or (JMJD2D)
12,KDM4E,Lysine-specific demethylase 4E,Demethylate H3K9,JMJD2E; KDM4DL; KDM5E,390245.0,390245.0,,NM_001161630.1,NP_001155102.1,37098.0,ENSG00000235268,B2RXH2,2W2I,,,,,,KDM4E; JMJD2E; KDM4DL; KDM5E,(KDM4E) or (JMJD2E) or (KDM4DL) or (KDM5E)
13,KDM8,Bifunctional peptidase and arginyl-hydroxylase JMJD5,Demethylate monomethylated H3K9,FLJ13798; JMJD5,79831.0,79831.0,1.14.11.27,,,25840.0,ENSG00000155666,Q8N371,['3UYJ'; '4AAP'; '4GAZ'; '4GJY'; '4GJZ'; '4QU1'; '5FBJ'; '6AVS'; '6AX3'; '6F4M'; '6F4N'; '6F4O'; '6F4P'; '6F4Q'; '6F4R'; '6F4S'; '6F4T'; '6I9L'; '6I9M'; '6I9N'],,,,,,KDM8; FLJ13798; JMJD5,(KDM8) or (FLJ13798) or (JMJD5)
14,NO66,Ribosomal oxygenase 1,Demethylate tri- and mono-methylated H3K4 and di-methylated H3K36,C14orf169; FLJ21802; JMJD9; MAPJD; NO66,,,,,,,,,,,,,,,NO66; C14orf169; FLJ21802; JMJD9; MAPJD; NO66,(NO66) or (C14orf169) or (FLJ21802) or (JMJD9) or (MAPJD) or (NO66)
15,MINA,Ribosomal oxygenase 2,Demethylate trimethylated H3K9,FLJ14393; JMJD10; mdig; MDIG; MINA; MINA53; NO52,,,,,,,,,,,,,,,MINA; FLJ14393; JMJD10; mdig; MDIG; MINA; MINA53; NO52,(MINA) or (FLJ14393) or (JMJD10) or (mdig) or (MDIG) or (MINA) or (MINA53) or (NO52)
16,KDM1A,Lysine-specific histone demethylase 1A,Demethylate mono- and di-methylated H3K4me using LSD mechanism,AOF2; BHC110; KDM1; KIAA0601; LSD1,23028.0,23028.0,,,,29079.0,ENSG00000004487,O60341,['2COM'; '2DW4'; '2EJR'; '2H94'; '2HKO'; '2IW5'; '2L3D'; '2UXN'; '2UXX'; '2V1D'; '2X0L'; '2XAF'; '2XAG'; '2XAH'; '2XAJ'; '2XAQ'; '2XAS'; '2Y48'; '2Z3Y'; '2Z5U'; '3ABT'; '3ABU'; '3ZMS'; '3ZMT'; '3ZMU'; '3ZMV'; '3ZMZ'; '3ZN0'; '3ZN1'; '4BAY'; '4CZZ'; '4KUM'; '4UV8'; '4UV9'; '4UVA'; '4UVB'; '4UVC'; '4UXN'; '4XBF'; '5AFW'; '5H6Q'; '5H6R'; '5IT3'; '5L3B'; '5L3C'; '5L3D'; '5L3E'; '5L3F'; '5L3G'; '5LBQ'; '5LGN'; '5LGT'; '5LGU'; '5LHG'; '5LHH'; '5LHI'; '5X60'; '5YJB'; '6E1F'; '6NQM'; '6NQU'; '6NR5'],,,,,,KDM1A; AOF2; BHC110; KDM1; KIAA0601; LSD1,(KDM1A) or (AOF2) or (BHC110) or (KDM1) or (KIAA0601) or (LSD1)
17,KDM7A,Lysine-specific demethylase 7A,Demethylated di-methylated H3K9 and H3K27.,JHDM1D; KDM7; KIAA1718,80853.0,80853.0,,,,22224.0,ENSG00000006459,Q6ZMT4,['3KV5'; '3KV6'; '3KV9'; '3KVA'; '3KVB'; '3U78'],,,,,,KDM7A; JHDM1D; KDM7; KIAA1718,(KDM7A) or (JHDM1D) or (KDM7) or (KIAA1718)
18,PHF8,Histone lysine demethylase PHF8,Demethylate H3K9 mono- and di-methylation; H3K27 di-methylation; and H3K20 mono-methylation,JHDM1F; KDM7B; KIAA1111; ZNF422,23133.0,23133.0,1.14.11.27,,,20672.0,ENSG00000172943,Q9UPP1,['2WWU'; '3K3N'; '3K3O'; '3KV4'; '4DO0'],,,,,,PHF8; JHDM1F; KDM7B; KIAA1111; ZNF422,(PHF8) or (JHDM1F) or (KDM7B) or (KIAA1111) or (ZNF422)
19,PHF2,Lysine-specific demethylase PHF2,Demethylate H3K9 dimethylation,CENP-35; JHDM1E; KDM7C; KIAA0662,5253.0,5253.0,,,,8920.0,ENSG00000197724,O75151,['3KQI'; '3PTR'; '3PU3'; '3PU8'; '3PUA'; '3PUS'],,,,,,PHF2; CENP-35; JHDM1E; KDM7C; KIAA0662,(PHF2) or (CENP-35) or (JHDM1E) or (KDM7C) or (KIAA0662)
20,KDM6B,Lysine-specific demethylase 6B,Demethylate H3K27 di- and trimethylation,JMJD3; KIAA0346,23135.0,23135.0,,,,29012.0,ENSG00000132510,O15054,['2XUE'; '2XXZ'; '4ASK'; '5FP3'; '5OY3'; '6F6D'],,,,,,KDM6B; JMJD3; KIAA0346,(KDM6B) or (JMJD3) or (KIAA0346)
21,KDM6A,Lysine-specific demethylase 6A,Demethylate H3K27 di- and trimethylation,UTX,7403.0,7403.0,,,,12637.0,ENSG00000147050,O15550,['3AVR'; '3AVS'; '6FUK'; '6FUL'],,,,,,KDM6A; UTX,(KDM6A) or (UTX)
22,KDM6C,Histone demethylase UTY,Demethylate H3K27 tri-methylation,UTY,,,,,,,,,,,,,,,KDM6C; UTY,(KDM6C) or (UTY)
23,KMT2A,Histone-lysine N-methyltransferase 2A,Mono-; di-; and trimethylation of H3K4. Higher activity with H3K9ac. Lower activity with H3R8 and H3K9me2. No activitity with H3T3P.,HRX; TRX1; CXXC7; ALL-1; MLL; MLL1; HTRX1; MLL1A; WDSTS; MLL/GAS7; TET1-MLL,4297.0,4297.0,2.1.1.354,,,7132.0,ENSG00000118058,Q03164,['2AGH'; '2J2S'; '2JYI'; '2KKF'; '2KU7'; '2KYU'; '2LXS'; '2LXT'; '2MSR'; '2MTN'; '2W5Y'; '2W5Z'; '3EG6'; '3EMH'; '3LQH'; '3LQI'; '3LQJ'; '3P4F'; '3U85'; '3U88'; '4ESG'; '4GQ6'; '4NW3'; '5F5E'; '5F6L'; '5SVH'; '6EMQ'; '6KIU'; '6KIV'; '6KIX'; '6KIZ'; '6PWV'; '6PWW'],,,,,17707229; 12670868; 12540855; 17500065; 16682010       ,KMT2A; HRX; TRX1; CXXC7; ALL-1; MLL; MLL1; HTRX1; MLL1A; WDSTS; MLL/GAS7; TET1-MLL,(KMT2A) or (HRX) or (TRX1) or (CXXC7) or (ALL-1) or (MLL) or (MLL1) or (HTRX1) or (MLL1A) or (WDSTS) or (MLL/GAS7) or (TET1-MLL)
24,SETD6,N-lysine methyltransferase SETD6,Mono-methylation of H2AZK8,,79918.0,79918.0,,,,26116.0,ENSG00000103037,Q8TBK2,['3QXY'; '3RC0'],,,,,,SETD6; nan,(SETD6) or (nan)
25,SETD7,Histone-lysine N-methyltransferase SETD7,Mono-methylation of H3K4,KMT7; SET7; SET9; SET7/9,80854.0,80854.0,2.1.1.354,,,30412.0,ENSG00000145391,Q8WTS6,['1H3I'; '1MT6'; '1MUF'; '1N6A'; '1N6C'; '1O9S'; '1XQH'; '2F69'; '3CBM'; '3CBO'; '3CBP'; '3M53'; '3M54'; '3M55'; '3M56'; '3M57'; '3M58'; '3M59'; '3M5A'; '3OS5'; '3VUZ'; '3VV0'; '4E47'; '4J7F'; '4J7I'; '4J83'; '4J8O'; '4JDS'; '4JLG'; '5AYF'; '5EG2'; '5YLT'],,,,,,SETD7; KMT7; SET7; SET9; SET7/9,(SETD7) or (KMT7) or (SET7) or (SET9) or (SET7/9)
26,SETD8,N-lysine methyltransferase KMT5A,Mono-methylation of H4K20,SET8; KMT5A; SET07; PR-Set7,,,,,,,,,,,,,,,SETD8; SET8; KMT5A; SET07; PR-Set7,(SETD8) or (SET8) or (KMT5A) or (SET07) or (PR-Set7)
27,PRDM2,PR domain zinc finger protein 2,Methylate H3K9,RIZ; KMT8; RIZ1; RIZ2; MTB-ZF; HUMHOXY1,7799.0,7799.0,2.1.1.355,,,9347.0,ENSG00000116731,Q13029,['2JV0'; '2QPW'],,,,,,PRDM2; RIZ; KMT8; RIZ1; RIZ2; MTB-ZF; HUMHOXY1,(PRDM2) or (RIZ) or (KMT8) or (RIZ1) or (RIZ2) or (MTB-ZF) or (HUMHOXY1)
28,PRDM12,PR domain zinc finger protein 12,Facilitates H3K9me2,PFM9,59335.0,59335.0,,NM_021619.3,NP_067632.2,13997.0,ENSG00000130711,Q9H4Q4,3EP0,,,,,,PRDM12; PFM9,(PRDM12) or (PFM9)
29,PRDM16,Histone-lysine N-methyltransferase PRDM16,Methylated H3K9me1 and H3K9me3,MEL1; LVNC8; PFM13; CMD1LL; KIAA1675; KMT8F; MEL1; MGC166915; PFM13,63976.0,63976.0,2.1.1.354,,,14000.0,ENSG00000142611,Q9HAZ2,['2N1I'; '6BW4'],,,,,,PRDM16; MEL1; LVNC8; PFM13; CMD1LL; KIAA1675; KMT8F; MEL1; MGC166915; PFM13,(PRDM16) or (MEL1) or (LVNC8) or (PFM13) or (CMD1LL) or (KIAA1675) or (KMT8F) or (MEL1) or (MGC166915) or (PFM13)
30,PRDM8,PR domain zinc finger protein 8,Methylate H3K9,KMT8D; PFM5,56978.0,56978.0,,,,13993.0,ENSG00000152784,Q9NQV8,,,,,,,PRDM8; KMT8D; PFM5,(PRDM8) or (KMT8D) or (PFM5)
31,PRDM9,Histone-lysine N-methyltransferase PRDM9,Mono-; di-; and trimethylation of H3K4; Tri-methylate H3K9; Mono- and di-methylation H4K20,PFM6; MSBP3; ZNF899; MEISETZ; KMT8B,56979.0,56979.0,['2.1.1.354'; '2.1.1.355'; '2.1.1.359'; '2.1.1.361'; '2.1.1.362'],,,13994.0,ENSG00000164256,Q9NQV7,['4IJD'; '5EGB'; '5EH2'; '5EI9'; '6NM4'],,,,,,PRDM9; PFM6; MSBP3; ZNF899; MEISETZ; KMT8B,(PRDM9) or (PFM6) or (MSBP3) or (ZNF899) or (MEISETZ) or (KMT8B)
32,KMT2E,Inactive histone-lysine N-methyltransferase 2E,Facilitates H3K4me3,MLL5; NKp44L; HDCMC04P,55904.0,55904.0,2.1.1.354,,,18541.0,ENSG00000005483,Q8IZD2,['2LV9'; '4L58'; '5HT6'],,,,,,KMT2E; MLL5; NKp44L; HDCMC04P,(KMT2E) or (MLL5) or (NKp44L) or (HDCMC04P)
33,KMT2C,Histone-lysine N-methyltransferase 2C,Mono-; di-; and trimethylation of H3K4,HALR; KIAA1506; MLL3,58508.0,58508.0,2.1.1.354,,,13726.0,ENSG00000055609,Q8NEZ4,['2YSM'; '2YUK'; '3UVL'; '4ERY'; '5F59'; '5F6K'; '6KIW'; '6MLC'],,,,,,KMT2C; HALR; KIAA1506; MLL3,(KMT2C) or (HALR) or (KIAA1506) or (MLL3)
34,SETD1A,Histone-lysine N-methyltransferase SETD1A,Mono-; di-; and tri-methylation of H3K4. Note that it does not methylate if H3K9 is methylated,KIAA0339; KMT2F; Set1; SET1; SET1A,9739.0,9739.0,2.1.1.354,,,29010.0,ENSG00000099381,O15047,['3S8S'; '3UVN'; '4EWR'],,,,,,SETD1A; KIAA0339; KMT2F; Set1; SET1; SET1A,(SETD1A) or (KIAA0339) or (KMT2F) or (Set1) or (SET1) or (SET1A)
35,EZH2,Histone-lysine N-methyltransferase EZH2,Methylates H3K9. Involved in methylating H3K27 me2 and me3,WVS; ENX1; EZH1; KMT6; WVS2; ENX-1; EZH2b; KMT6A,2146.0,2146.0,2.1.1.356,,,3527.0,ENSG00000106462,Q15910,['2C6V'; '4MI0'; '4MI5'; '5GSA'; '5H14'; '5H15'; '5H17'; '5H19'; '5H24'; '5H25'; '5HYN'; '5IJ7'; '5IJ8'; '5LS6'; '5U5T'; '5U62'; '5WG6'; '5WUK'; '6C23'; '6C24'],,,,,,EZH2; WVS; ENX1; EZH1; KMT6; WVS2; ENX-1; EZH2b; KMT6A,(EZH2) or (WVS) or (ENX1) or (EZH1) or (KMT6) or (WVS2) or (ENX-1) or (EZH2b) or (KMT6A)
36,EZH1,Histone-lysine N-methyltransferase EZH1,Mono-; di-; and tri-methylation of H3K27.,KIAA0388; KMT6B,2145.0,2145.0,2.1.1.356,,,3526.0,ENSG00000108799,Q92800,,,,,,,EZH1; KIAA0388; KMT6B,(EZH1) or (KIAA0388) or (KMT6B)
37,SETD1B,Histone-lysine N-methyltransferase SETD1B,Mono-; di- and tri-methylation of H3K4. Note that it does not methylate if H3K9 is methylated.,KIAA1076; KMT2G; Set1B; SET1B,23067.0,23067.0,2.1.1.354,,,29187.0,ENSG00000139718,Q9UPS6,['3UVO'; '4ES0'],,,,,,SETD1B; KIAA1076; KMT2G; Set1B; SET1B,(SETD1B) or (KIAA1076) or (KMT2G) or (Set1B) or (SET1B)
38,KMT2D,Histone-lysine N-methyltransferase 2D,Mono-; di-; and trimethylation of H3K4,ALR; KMS; MLL2; MLL4; AAD10; KABUK1; TNRC21; CAGL114,8085.0,8085.0,2.1.1.354,,,7133.0,ENSG00000167548,O14686,['3UVK'; '4ERQ'; '4Z4P'; '6O7G'],,,,,,KMT2D; ALR; KMS; MLL2; MLL4; AAD10; KABUK1; TNRC21; CAGL114,(KMT2D) or (ALR) or (KMS) or (MLL2) or (MLL4) or (AAD10) or (KABUK1) or (TNRC21) or (CAGL114)
39,KMT2B,Histone-lysine N-methyltransferase 2B,Mono-; di-; and trimethylation of H3K4,HRX2; MLL2; MLL4; TRX2; WBP7; MLL1B; WBP-7,9757.0,9757.0,2.1.1.354,,,15840.0,ENSG00000272333,Q9UMN6,['3UVM'; '4ERZ'; '4PZI'],,,,,,KMT2B; HRX2; MLL2; MLL4; TRX2; WBP7; MLL1B; WBP-7,(KMT2B) or (HRX2) or (MLL2) or (MLL4) or (TRX2) or (WBP7) or (MLL1B) or (WBP-7)
40,NSD2,Histone-lysine N-methyltransferase NSD2,Trimethylation of H3K27,WHSC1; TRX5; MMSET; REIIBP; KIAA1090; KIAA1090; KMT3G; MMSET; TRX5; WHSC1,7468.0,7468.0,2.1.1.356,,,12766.0,ENSG00000109685,O96028,['5LSU'; '5VC8'; '6UE6'],,,,,,NSD2; WHSC1; TRX5; MMSET; REIIBP; KIAA1090; KIAA1090; KMT3G; MMSET; TRX5; WHSC1,(NSD2) or (WHSC1) or (TRX5) or (MMSET) or (REIIBP) or (KIAA1090) or (KIAA1090) or (KMT3G) or (MMSET) or (TRX5) or (WHSC1)
41,ASH1L,Histone-lysine N-methyltransferase ASH1L,Trimethylation of H3K36. Monomethylation of H3K9,ASH1; ASH1L1; huASH1; KIAA1420; KMT2H,55870.0,55870.0,2.1.1.359,,,19088.0,ENSG00000116539,Q9NR48,['3MQM'; '3OPE'; '4YNM'; '4YNP'; '4YPA'; '4YPE'; '4YPU'; '6AGO'; '6INE'],,,,,,ASH1L; ASH1; ASH1L1; huASH1; KIAA1420; KMT2H,(ASH1L) or (ASH1) or (ASH1L1) or (huASH1) or (KIAA1420) or (KMT2H)
42,NSD3,Histone-lysine N-methyltransferase NSD3,Dimethylation of H3K4. Dimethylation of H3K27.,WHSC1L1; pp14328; DC28; FLJ20353; KMT3F; WHISTLE; WHSC1L1,54904.0,54904.0,2.1.1.354,,,12767.0,ENSG00000147548,Q9BZ95,['2DAQ'; '2NCZ'; '2ND1'; '4GND'; '4GNE'; '4GNF'; '4GNG'; '4RXJ'; '5UPD'; '6CEN'; '6G24'; '6G25'; '6G27'; '6G29'; '6G2B'; '6G2C'; '6G2E'; '6G2F'; '6G2O'; '6G3P'; '6G3T'],,,,,,NSD3; WHSC1L1; pp14328; DC28; FLJ20353; KMT3F; WHISTLE; WHSC1L1,(NSD3) or (WHSC1L1) or (pp14328) or (DC28) or (FLJ20353) or (KMT3F) or (WHISTLE) or (WHSC1L1)
43,NSD1,Histone-lysine N-methyltransferase; H3 lysine-36 specific,Dimethylation of H3K36,STO; KMT3B; SOTOS; ARA267; SOTOS1,64324.0,64324.0,2.1.1.357,,,14234.0,ENSG00000165671,Q96L73,3OOI,,,,,,NSD1; STO; KMT3B; SOTOS; ARA267; SOTOS1,(NSD1) or (STO) or (KMT3B) or (SOTOS) or (ARA267) or (SOTOS1)
44,SETD2,Histone-lysine N-methyltransferase SETD2,Trimethylation of H3K36 (simultaneously),FLJ23184; HIF-1; HIF1; HYPB; KIAA1732; KMT3A; SET2; HYPB; SET2; HIF-1; HIP-1; KMT3A; HBP231; HSPC069; p231HBP,29072.0,29072.0,2.1.1.359,,,18420.0,ENSG00000181555,Q9BYW2,['2A7O'; '2MDC'; '2MDI'; '2MDJ'; '4FMU'; '4H12'; '5JJY'; '5JLB'; '5JLE'; '5LSS'; '5LSX'; '5LSY'; '5LSZ'; '5LT6'; '5LT7'; '5LT8'; '5V21'; '5V22'],,,,,,SETD2; FLJ23184; HIF-1; HIF1; HYPB; KIAA1732; KMT3A; SET2; HYPB; SET2; HIF-1; HIP-1; KMT3A; HBP231; HSPC069; p231HBP,(SETD2) or (FLJ23184) or (HIF-1) or (HIF1) or (HYPB) or (KIAA1732) or (KMT3A) or (SET2) or (HYPB) or (SET2) or (HIF-1) or (HIP-1) or (KMT3A) or (HBP231) or (HSPC069) or (p231HBP)
45,SMYD1,Histone-lysine N-methyltransferase SMYD1,Mono-; di-; and tri-methylation of H3K4. ,BOP; KMT3D; ZMYND18; ZMYND22,150572.0,150572.0,2.1.1.354,,,20986.0,ENSG00000115593,Q8NB12,,,,,,,SMYD1; BOP; KMT3D; ZMYND18; ZMYND22,(SMYD1) or (BOP) or (KMT3D) or (ZMYND18) or (ZMYND22)
46,SMYD2,N-lysine methyltransferase SMYD2,Trimethylation of H3K4,HSKM-B; KMT3C; ZMYND14,56950.0,56950.0,2.1.1.354,NM_020197.3,NP_064582.2,20982.0,ENSG00000143499,Q9NRG4,['3RIB'; '3S7B'; '3S7D'; '3S7F'; '3S7J'; '3TG4'; '3TG5'; '4O6F'; '4WUY'; '4YND'; '5ARF'; '5ARG'; '5KJK'; '5KJL'; '5KJM'; '5KJN'; '5V3H'; '5WCG'; '6CBX'; '6CBY'; '6MON'; '6N3G'],,,,,,SMYD2; HSKM-B; KMT3C; ZMYND14,(SMYD2) or (HSKM-B) or (KMT3C) or (ZMYND14)
47,SMYD3,Histone-lysine N-methyltransferase SMYD3,Di- and trimethylation of H3K4. Methylates H4K5,KMT3E; ZMYND1; ZNFN3A1; bA74P14.1,64754.0,64754.0,2.1.1.354,,,15513.0,ENSG00000185420,Q9H7B4,['3MEK'; '3OXF'; '3OXG'; '3OXL'; '3PDN'; '3QWP'; '3RU0'; '5CCL'; '5CCM'; '5EX0'; '5EX3'; '5HI7'; '5HQ8'; '5V37'; '5XXD'; '5XXG'; '5XXJ'; '5YJO'; '6IJL'; '6P6G'; '6P6K'; '6P7Z'; '6PAF'],,,,,,SMYD3; KMT3E; ZMYND1; ZNFN3A1; bA74P14.1,(SMYD3) or (KMT3E) or (ZMYND1) or (ZNFN3A1) or (bA74P14.1)
48,SUV39H1,Histone-lysine N-methyltransferase SUV39H1,Trimethylation of H3K9 from monomethylation,MG44; KMT1A; H3-K9-HMTase1,6839.0,6839.0,2.1.1.355,,,11479.0,ENSG00000101945,O43463,3MTS,,,,,,SUV39H1; MG44; KMT1A; H3-K9-HMTase1,(SUV39H1) or (MG44) or (KMT1A) or (H3-K9-HMTase1)
49,SETDB2,Histone-lysine N-methyltransferase SETDB2,Trimethylation of H3K9,CLLD8; CLLL8; KMT1F; C13orf4,83852.0,83852.0,2.1.1.354,,,20263.0,ENSG00000136169,Q96T68,5TFP,,,,,,SETDB2; CLLD8; CLLL8; KMT1F; C13orf4,(SETDB2) or (CLLD8) or (CLLL8) or (KMT1F) or (C13orf4)
50,SETDB1,Histone-lysine N-methyltransferase SETDB1,Trimethylation of H3K9,ESET; KG1T; KMT1E; TDRD21; H3-K9-HMTase4,9869.0,9869.0,2.1.1.354,,,10761.0,ENSG00000143379,Q15047,['3DLM'; '4X3S'; '5KCH'; '5KCO'; '5KE2'; '5KE3'; '5KH6'; '5QT1'; '5QT2'; '6AU2'; '6AU3'; '6BHD'; '6BHE'; '6BHG'; '6BHH'; '6BHI'; '6BPI'],,,,,,SETDB1; ESET; KG1T; KMT1E; TDRD21; H3-K9-HMTase4,(SETDB1) or (ESET) or (KG1T) or (KMT1E) or (TDRD21) or (H3-K9-HMTase4)
51,SUV39H2,Histone-lysine N-methyltransferase SUV39H2,Trimethylation of H3K9 from monomethylation,FLJ23414; KMT1B,79723.0,79723.0,2.1.1.355,,,17287.0,ENSG00000152455,Q9H5I1,['2R3A'; '6P0R'],,,,,,SUV39H2; FLJ23414; KMT1B,(SUV39H2) or (FLJ23414) or (KMT1B)
52,SETMAR,Histone-lysine N-methyltransferase SETMAR,Dimethylation of H3K36. Methylation of H3K4,Mar1; HsMar1; METNASE,6419.0,6419.0,2.1.1.357,,,10762.0,ENSG00000170364,Q53H47,['3BO5'; '3F2K'; '3K9J'; '3K9K'],,,,,,SETMAR; Mar1; HsMar1; METNASE,(SETMAR) or (Mar1) or (HsMar1) or (METNASE)
53,EHMT1,Histone-lysine N-methyltransferase EHMT1,Mono- and di-methylation of H3K9. Methylates H3K27,GLP; GLP1; KMT1D; FP13812; EUHMTASE1; Eu-HMTase1; bA188C12.1; KIAA1876,79813.0,79813.0,2.1.1.354,,,24650.0,ENSG00000181090,Q9H9B1,['2IGQ'; '2RFI'; '3B7B'; '3B95'; '3FPD'; '3HNA'; '3MO0'; '3MO2'; '3MO5'; '3SW9'; '3SWC'; '4I51'; '5TTG'; '5TUZ'; '5V9J'; '5VSD'; '5VSF'; '6BY9'; '6MBO'; '6MBP'],,,,,,EHMT1; GLP; GLP1; KMT1D; FP13812; EUHMTASE1; Eu-HMTase1; bA188C12.1; KIAA1876,(EHMT1) or (GLP) or (GLP1) or (KMT1D) or (FP13812) or (EUHMTASE1) or (Eu-HMTase1) or (bA188C12.1) or (KIAA1876)
54,EHMT2,Histone-lysine N-methyltransferase EHMT2,Mono- and di-methylation of H3K9. Mono- methylation of H3K56. Methylation of H3K27,BAT8; C6orf30; Em:AF134726.3; G9A; KMT1C; NG36; NG36/G9a,10919.0,10919.0,2.1.1.354,,,14129.0,,Q96KQ7,['2O8J'; '3DM1'; '3K5K'; '3RJW'; '4NVQ'; '5JHN'; '5JIN'; '5JIY'; '5JJ0'; '5T0K'; '5T0M'; '5TTF'; '5TUY'; '5V9I'; '5VSC'; '5VSE'; '6MM1'],,,,,,EHMT2; BAT8; C6orf30; Em:AF134726.3; G9A; KMT1C; NG36; NG36/G9a,(EHMT2) or (BAT8) or (C6orf30) or (Em:AF134726.3) or (G9A) or (KMT1C) or (NG36) or (NG36/G9a)
55,DOT1L,Histone-lysine N-methyltransferase; H3 lysine-79 specific,Methylation of H3K79,DOT1; KIAA1814; KMT4,84444.0,84444.0,2.1.1.360,,,24948.0,ENSG00000104885,Q8TEK3,['1NW3'; '2MV7'; '3QOW'; '3QOX'; '3SR4'; '3SX0'; '3UWP'; '4EK9'; '4EKG'; '4EKI'; '4EQZ'; '4ER0'; '4ER3'; '4ER5'; '4ER6'; '4ER7'; '4HRA'; '4WVL'; '5DRT'; '5DRY'; '5DSX'; '5DT2'; '5DTM'; '5DTQ'; '5DTR'; '5JUW'; '5MVS'; '5MW3'; '5MW4'; '6IN3'; '6J99'; '6JM9'; '6JMA'; '6JN2'; '6NJ9'; '6NN6'; '6NOG'; '6NQA'; '6O96'; '6TE6'; '6TEL'; '6TEN'],,,,,,DOT1L; DOT1; KIAA1814; KMT4,(DOT1L) or (DOT1) or (KIAA1814) or (KMT4)
56,KAT2A,Histone acetyltransferase KAT2A,Acetylation of H3K9,GCN5; GCN5L2; PCAF-b,2648.0,2648.0,2.3.1.48,,,4201.0,ENSG00000108773,Q92830,['1F68'; '1Z4R'; '3D7C'; '5H84'; '5H86'; '5MLJ'; '5TRL'; '5TRM'; '6J3P'],,,,,,KAT2A; GCN5; GCN5L2; PCAF-b,(KAT2A) or (GCN5) or (GCN5L2) or (PCAF-b)
57,KAT2B,Histone acetyltransferase KAT2B,General acetyltransferase,GCN5; GCN5L; P/CAF; PCAF,8850.0,8850.0,['2.3.1.48'; '2.3.1.57'],,,8638.0,ENSG00000114166,Q92831,['1CM0'; '1JM4'; '1N72'; '1WUG'; '1WUM'; '1ZS5'; '2RNW'; '2RNX'; '3GG3'; '4NSQ'; '5FDZ'; '5FE0'; '5FE1'; '5FE2'; '5FE3'; '5FE4'; '5FE5'; '5FE6'; '5FE7'; '5FE8'; '5FE9'; '5LVQ'; '5LVR'; '5MKX'; '6J3O'],,,,,,KAT2B; GCN5; GCN5L; P/CAF; PCAF,(KAT2B) or (GCN5) or (GCN5L) or (P/CAF) or (PCAF)
58,GTF3C4,General transcription factor 3C polypeptide 4,General acetyltransferase,KAT12; TFIIIC90,9329.0,9329.0,2.3.1.48,,,4667.0,ENSG00000125484,Q9UKN8,,,,,,,GTF3C4; KAT12; TFIIIC90,(GTF3C4) or (KAT12) or (TFIIIC90)
59,KAT6A,Histone acetyltransferase KAT6A,General acetyltransferase,MOZ; MYST3; RUNXBP2; ZC2HC6A; ZNF220,7994.0,7994.0,2.3.1.48,,,13013.0,ENSG00000083168,Q92794,['1M36'; '2LN0'; '2OZU'; '2RC4'; '3V43'; '4LJN'; '4LK9'; '4LKA'; '4LLB'; '5B75'; '5B76'; '5B77'; '5B78'],,,,,,KAT6A; MOZ; MYST3; RUNXBP2; ZC2HC6A; ZNF220,(KAT6A) or (MOZ) or (MYST3) or (RUNXBP2) or (ZC2HC6A) or (ZNF220)
60,KAT8,Histone acetyltransferase KAT8,Acetylation of H3K16,FLJ14040; hMOF; MOF; MYST1; ZC2HC8,84148.0,84148.0,2.3.1.48,,,17933.0,ENSG00000103510,Q9H7Z6,['2GIV'; '2PQ8'; '2Y0M'; '3QAH'; '3TOA'; '3TOB'; '4DNC'; '5H43'; '5J8C'; '5J8F'; '5WCI'; '6BA2'; '6BA4'; '6CT2'; '6OIN'; '6OIO'; '6OIP'; '6OIQ'; '6OIR'],,,,,,KAT8; FLJ14040; hMOF; MOF; MYST1; ZC2HC8,(KAT8) or (FLJ14040) or (hMOF) or (MOF) or (MYST1) or (ZC2HC8)
61,KAT7,Histone acetyltransferase KAT7,Acetylation of H3K15; H4K5; H4K8 and H4K12,HBO1; HBOa; HBOA; MYST2; ZC2HC7,11143.0,11143.0,2.3.1.48,,,17016.0,ENSG00000136504,O95251,['5GK9'; '6MAJ'; '6MAK'],,,,,,KAT7; HBO1; HBOa; HBOA; MYST2; ZC2HC7,(KAT7) or (HBO1) or (HBOa) or (HBOA) or (MYST2) or (ZC2HC7)
62,KAT6B,Histone acetyltransferase KAT6B,General acetyltransferase,KIAA0383; Morf; MORF; MOZ2; MYST4; qkf; querkopf; ZC2HC6B,23522.0,23522.0,2.3.1.48,,,17582.0,,Q8WYB5,['5U2J'; '6OIE'],,,,,,KAT6B; KIAA0383; Morf; MORF; MOZ2; MYST4; qkf; querkopf; ZC2HC6B,(KAT6B) or (KIAA0383) or (Morf) or (MORF) or (MOZ2) or (MYST4) or (qkf) or (querkopf) or (ZC2HC6B)
63,CREBBP,CREB-binding protein,General acetyltransferase,CBP; KAT3A; RSTS; RTS,1387.0,1387.0,2.3.1.48,,,2348.0,ENSG00000005339,Q92793,['1JSP'; '1LIQ'; '1RDT'; '1WO3'; '1WO4'; '1WO5'; '1WO6'; '1WO7'; '1ZOQ'; '2D82'; '2KJE'; '2KWF'; '2L84'; '2L85'; '2LXS'; '2LXT'; '2N1A'; '2RNY'; '3DWY'; '3P1C'; '3P1D'; '3P1E'; '3P1F'; '3SVH'; '4A9K'; '4N3W'; '4N4F'; '4NR4'; '4NR5'; '4NR6'; '4NR7'; '4NYV'; '4NYW'; '4NYX'; '4OUF'; '4TQN'; '4TS8'; '4WHU'; '4YK0'; '5CGP'; '5DBM'; '5EIC'; '5ENG'; '5EP7'; '5GH9'; '5H85'; '5I83'; '5I86'; '5I89'; '5I8B'; '5I8G'; '5J0D'; '5JEM'; '5KTU'; '5KTW'; '5KTX'; '5LPJ'; '5LPL'; '5MME'; '5MMG'; '5MPK'; '5MPN'; '5MPZ'; '5MQE'; '5MQG'; '5MQK'; '5NLK'; '5NRW'; '5NU3'; '5OWK'; '5SVH'; '5TB6'; '5W0E'; '5W0F'; '5W0L'; '5W0Q'; '5XXH'; '6ALB'; '6ALC'; '6AXQ'; '6AY3'; '6AY5'; '6DMK'; '6ES5'; '6ES6'; '6ES7'; '6FQO'; '6FQT'; '6FQU'; '6FR0'; '6FRF'],,,,,,CREBBP; CBP; KAT3A; RSTS; RTS,(CREBBP) or (CBP) or (KAT3A) or (RSTS) or (RTS)
64,EP300,Histone acetyltransferase p300,General acetyltransferase,KAT3B; p300; P300,2033.0,2033.0,2.3.1.48,,,3373.0,ENSG00000100393,Q09472,['1L3E'; '1P4Q'; '2K8F'; '2MH0'; '2MZD'; '3BIY'; '3I3J'; '3IO2'; '3P57'; '3T92'; '4BHW'; '4PZR'; '4PZS'; '4PZT'; '5BT3'; '5KJ2'; '5LKT'; '5LKU'; '5LKX'; '5LKZ'; '5LPK'; '5LPM'; '5NU5'; '5XZC'; '6DS6'; '6FGN'; '6FGS'; '6GYR'; '6GYT'; '6K4N'; '6PF1'; '6PGU'],,,,,,EP300; KAT3B; p300; P300,(EP300) or (KAT3B) or (p300) or (P300)
65,HDAC9,Histone deacetylase 9,General deacetylase,HD7; HDAC; HDAC7; HDAC7B; HDRP; KIAA0744; MITR,9734.0,9734.0,3.5.1.98,,,14065.0,ENSG00000048052,Q9UKV0,,,,,,,HDAC9; HD7; HDAC; HDAC7; HDAC7B; HDRP; KIAA0744; MITR,(HDAC9) or (HD7) or (HDAC) or (HDAC7) or (HDAC7B) or (HDRP) or (KIAA0744) or (MITR)
66,HDAC7,Histone deacetylase 7,General deacetylase,DKFZP586J0917; HDAC7A,51564.0,51564.0,3.5.1.98,,,14067.0,ENSG00000061273,Q8WUI4,['3C0Y'; '3C0Z'; '3C10'; '3ZNR'; '3ZNS'],,,,,,HDAC7; DKFZP586J0917; HDAC7A,(HDAC7) or (DKFZP586J0917) or (HDAC7A)
67,HDAC4,Histone deacetylase 4,General deacetylase,BDMR; HA6116; HD4; HDAC-4; HDAC-A; HDACA; KIAA0288,9759.0,9759.0,3.5.1.98,,,14063.0,ENSG00000068024,P56524,['2H8N'; '2O94'; '2VQJ'; '2VQM'; '2VQO'; '2VQQ'; '2VQV'; '2VQW'; '3UXG'; '3UZD'; '3V31'; '4CBT'; '4CBY'; '5A2S'; '5ZOO'; '5ZOP'; '6FYZ'],,,,,,HDAC4; BDMR; HA6116; HD4; HDAC-4; HDAC-A; HDACA; KIAA0288,(HDAC4) or (BDMR) or (HA6116) or (HD4) or (HDAC-4) or (HDAC-A) or (HDACA) or (KIAA0288)
68,HDAC6,Histone deacetylase 6,General deacetylase,FLJ16239; HD6; JM21; KIAA0901; PPP1R90,10013.0,10013.0,3.5.1.98,,,14064.0,ENSG00000094631,Q9UBN7,['3C5K'; '3GV4'; '3PHD'; '5B8D'; '5EDU'; '5KH3'; '5KH7'; '5KH9'; '5WBN'; '5WPB'; '6CE6'; '6CE8'; '6CEA'; '6CEC'; '6CED'; '6CEE'; '6CEF'],,,,,,HDAC6; FLJ16239; HD6; JM21; KIAA0901; PPP1R90,(HDAC6) or (FLJ16239) or (HD6) or (JM21) or (KIAA0901) or (PPP1R90)
69,HDAC10,Histone deacetylase 10,General deacetylase,HDA10,83933.0,83933.0,['3.5.1.48'; '3.5.1.62'],,,18128.0,ENSG00000100429,Q969S8,,,,,,,HDAC10; HDA10,(HDAC10) or (HDA10)
70,HDAC5,Histone deacetylase 5,General deacetylase,FLJ90614; KIAA0600; NY-CO-9,10014.0,10014.0,3.5.1.98,,,14068.0,ENSG00000108840,Q9UQL6,5UWI,,,,,,HDAC5; FLJ90614; KIAA0600; NY-CO-9,(HDAC5) or (FLJ90614) or (KIAA0600) or (NY-CO-9)
71,HDAC1,Histone deacetylase 1,General deacetylase,GON-10; HD1; KDAC1; RPD3L1,3065.0,3065.0,3.5.1.98,,,4852.0,ENSG00000116478,Q13547,['1TYI'; '4BKX'; '5ICN'],,,,,,HDAC1; GON-10; HD1; KDAC1; RPD3L1,(HDAC1) or (GON-10) or (HD1) or (KDAC1) or (RPD3L1)
72,HDAC8,Histone deacetylase 8,General deacetylase,HDACL1; KDAC8; MRXS6; RPD3; WTS,55869.0,55869.0,3.5.1.98,,,13315.0,ENSG00000147099,Q9BY41,['1T64'; '1T67'; '1T69'; '1VKG'; '1W22'; '2V5W'; '2V5X'; '3EW8'; '3EWF'; '3EZP'; '3EZT'; '3F06'; '3F07'; '3F0R'; '3MZ3'; '3MZ4'; '3MZ6'; '3MZ7'; '3RQD'; '3SFF'; '3SFH'; '4QA0'; '4QA1'; '4QA2'; '4QA3'; '4QA4'; '4QA5'; '4QA6'; '4QA7'; '4RN0'; '4RN1'; '4RN2'; '5BWZ'; '5D1B'; '5D1C'; '5D1D'; '5DC5'; '5DC6'; '5DC7'; '5DC8'; '5FCW'; '5THS'; '5THT'; '5THU'; '5THV'; '5VI6'; '6HSK'],,,,,,HDAC8; HDACL1; KDAC8; MRXS6; RPD3; WTS,(HDAC8) or (HDACL1) or (KDAC8) or (MRXS6) or (RPD3) or (WTS)
73,HDAC11,Histone deacetylase 11,General deacetylase,,79885.0,79885.0,3.5.1.98,,,19086.0,ENSG00000163517,Q96DB2,,,,,,,HDAC11; nan,(HDAC11) or (nan)
74,HDAC3,Histone deacetylase 3,Deacetylate H3K27,HD3; KDAC3; RPD3; RPD3-2,8841.0,8841.0,3.5.1.98,,,4854.0,ENSG00000171720,O15379,4A69,,,,,,HDAC3; HD3; KDAC3; RPD3; RPD3-2,(HDAC3) or (HD3) or (KDAC3) or (RPD3) or (RPD3-2)
75,HDAC2,Histone deacetylase 2,General deacetylase,KDAC2; RPD3; YAF1,3066.0,3066.0,3.5.1.98,,,4853.0,ENSG00000196591,Q92769,['3MAX'; '4LXZ'; '4LY1'; '5IWG'; '5IX0'; '6G3O'],,,,,,HDAC2; KDAC2; RPD3; YAF1,(HDAC2) or (KDAC2) or (RPD3) or (YAF1)
76,HDAC9,Histone deacetylase 9,General deacetylase,HD7; HDAC; HDAC7; HDAC7B; HDRP; KIAA0744; MITR,9734.0,9734.0,3.5.1.98,,,14065.0,ENSG00000048052,Q9UKV0,,,,,,,HDAC9; HD7; HDAC; HDAC7; HDAC7B; HDRP; KIAA0744; MITR,(HDAC9) or (HD7) or (HDAC) or (HDAC7) or (HDAC7B) or (HDRP) or (KIAA0744) or (MITR)
77,HDAC7,Histone deacetylase 7,General deacetylase,DKFZP586J0917; HDAC7A,51564.0,51564.0,3.5.1.98,,,14067.0,ENSG00000061273,Q8WUI4,['3C0Y'; '3C0Z'; '3C10'; '3ZNR'; '3ZNS'],,,,,,HDAC7; DKFZP586J0917; HDAC7A,(HDAC7) or (DKFZP586J0917) or (HDAC7A)
78,HDAC4,Histone deacetylase 4,General deacetylase,BDMR; HA6116; HD4; HDAC-4; HDAC-A; HDACA; KIAA0288,9759.0,9759.0,3.5.1.98,,,14063.0,ENSG00000068024,P56524,['2H8N'; '2O94'; '2VQJ'; '2VQM'; '2VQO'; '2VQQ'; '2VQV'; '2VQW'; '3UXG'; '3UZD'; '3V31'; '4CBT'; '4CBY'; '5A2S'; '5ZOO'; '5ZOP'; '6FYZ'],,,,,,HDAC4; BDMR; HA6116; HD4; HDAC-4; HDAC-A; HDACA; KIAA0288,(HDAC4) or (BDMR) or (HA6116) or (HD4) or (HDAC-4) or (HDAC-A) or (HDACA) or (KIAA0288)
79,HDAC6,Histone deacetylase 6,General deacetylase,FLJ16239; HD6; JM21; KIAA0901; PPP1R90,10013.0,10013.0,3.5.1.98,,,14064.0,ENSG00000094631,Q9UBN7,['3C5K'; '3GV4'; '3PHD'; '5B8D'; '5EDU'; '5KH3'; '5KH7'; '5KH9'; '5WBN'; '5WPB'; '6CE6'; '6CE8'; '6CEA'; '6CEC'; '6CED'; '6CEE'; '6CEF'],,,,,,HDAC6; FLJ16239; HD6; JM21; KIAA0901; PPP1R90,(HDAC6) or (FLJ16239) or (HD6) or (JM21) or (KIAA0901) or (PPP1R90)
80,HDAC11,Histone deacetylase 11,General deacetylase,,79885.0,79885.0,3.5.1.98,,,19086.0,ENSG00000163517,Q96DB2,,,,,,,HDAC11; nan,(HDAC11) or (nan)
81,SIRT6,NAD-dependent protein deacetylase sirtuin-6,Deacetylate H3K9 and H3K56,SIR2L6,51548.0,51548.0,2.3.1.286,,,14934.0,ENSG00000077463,Q8N6T7,['3K35'; '3PKI'; '3PKJ'; '3ZG6'; '5MF6'; '5MFP'; '5MFZ'; '5MGN'; '5X16'; '5Y2F'; '6HOY'; '6QCD'; '6QCE'; '6QCH'; '6QCJ'],,,,,,SIRT6; SIR2L6,(SIRT6) or (SIR2L6)
82,SIRT1,NAD-dependent protein deacetylase sirtuin-1,General deacetylase,SIR2L1,23411.0,23411.0,2.3.1.286,,,14929.0,ENSG00000096717,Q96EB6,['4I5I'; '4IF6'; '4IG9'; '4KXQ'; '4ZZH'; '4ZZI'; '4ZZJ'; '5BTR'],,,,,,SIRT1; SIR2L1,(SIRT1) or (SIR2L1)
83,SIRT2,NAD-dependent protein deacetylase sirtuin-2,Deacetylate H3K56ac,SIR2L; SIR2L2,22933.0,22933.0,2.3.1.286,,,10886.0,,Q8IXJ6,['1J8F'; '3ZGO'; '3ZGV'; '4L3O'; '4R8M'; '4RMG'; '4RMH'; '4RMI'; '4RMJ'; '4X3O'; '4X3P'; '4Y6L'; '4Y6O'; '4Y6Q'; '5D7O'; '5D7P'; '5D7Q'; '5DY4'; '5DY5'; '5FYQ'; '5G4C'; '5MAR'; '5MAT'; '5Y0Z'; '5Y5N'; '5YQL'; '5YQM'; '5YQN'; '5YQO'; '6NR0'; '6QCN'],,,,,,SIRT2; SIR2L; SIR2L2,(SIRT2) or (SIR2L) or (SIR2L2)
